N,versao,tempo
512,linha,0.000289
512,coluna,0.000672
512,linha,0.000208
512,coluna,0.000684
512,linha,0.000227
512,coluna,0.000835
1024,linha,0.000945
1024,coluna,0.003903
1024,linha,0.000710
1024,coluna,0.006929
1024,linha,0.000746
1024,coluna,0.005517
2048,linha,0.003382
2048,coluna,0.031072
2048,linha,0.002791
2048,coluna,0.030371
2048,linha,0.002971
2048,coluna,0.038303
4096,linha,0.011131
4096,coluna,0.215676
4096,linha,0.011727
4096,coluna,0.287700
4096,linha,0.010964
4096,coluna,0.245605
8192,linha,0.046192
8192,coluna,1.440865
8192,linha,0.042890
8192,coluna,1.789389
8192,linha,0.043300
8192,coluna,1.812642
