N,versao,opt,tempo
512,padrao,O0,0.5690
512,bloco,O0,0.4998
512,padrao,O0,0.5411
512,bloco,O0,0.4834
512,padrao,O0,0.5930
512,bloco,O0,0.4766
512,padrao,O3,0.2077
512,bloco,O3,0.0703
512,padrao,O3,0.3095
512,bloco,O3,0.0587
512,padrao,O3,0.1943
512,bloco,O3,0.0508
1024,padrao,O0,17.0208
1024,bloco,O0,3.9043
1024,padrao,O0,13.6541
1024,bloco,O0,3.9076
1024,padrao,O0,11.5556
1024,bloco,O0,3.8894
1024,padrao,O3,3.1313
1024,bloco,O3,0.3958
1024,padrao,O3,2.4566
1024,bloco,O3,0.3797
1024,padrao,O3,3.0900
1024,bloco,O3,0.3845
1536,padrao,O0,63.9093
1536,bloco,O0,13.3369
1536,padrao,O0,58.7808
1536,bloco,O0,12.8807
1536,padrao,O0,57.7530
1536,bloco,O0,12.7921
1536,padrao,O3,26.6353
1536,bloco,O3,1.2738
1536,padrao,O3,25.4258
1536,bloco,O3,1.2710
1536,padrao,O3,27.8317
1536,bloco,O3,1.2972
