versao,threads,tempo
pthreads,1,2.5882
pthreads_bloco,1,0.3694
pthreads,1,2.8473
pthreads_bloco,1,0.3692
pthreads,1,3.7466
pthreads_bloco,1,0.4133
pthreads,2,1.2603
pthreads_bloco,2,0.1971
pthreads,2,1.3936
pthreads_bloco,2,0.1910
pthreads,2,1.1554
pthreads_bloco,2,0.1853
pthreads,4,0.4360
pthreads_bloco,4,0.1051
pthreads,4,1.4481
pthreads_bloco,4,0.1036
pthreads,4,0.4659
pthreads_bloco,4,0.1030
pthreads,8,1.7172
pthreads_bloco,8,0.0967
pthreads,8,1.6710
pthreads_bloco,8,0.0996
pthreads,8,1.1242
pthreads_bloco,8,0.1145
pthreads,16,1.3473
pthreads_bloco,16,0.1033
pthreads,16,1.3920
pthreads_bloco,16,0.0950
pthreads,16,1.5322
pthreads_bloco,16,0.0984
